generation,best_distance
1,1370.4318
2,1311.6497
3,1244.2045
4,1230.7630
5,1186.6814
6,1180.3725
7,1143.1926
8,1093.8222
9,1061.5055
10,1056.9934
11,973.4691
12,969.3096
13,956.6366
14,929.1149
15,914.4542
16,910.3936
17,888.3755
18,881.0628
19,846.1173
20,843.7864
21,843.7864
22,827.9867
23,817.9947
24,799.8284
25,772.9257
26,719.4835
27,719.4835
28,719.4835
29,719.4835
30,719.4835
31,719.4835
32,719.4835
33,719.4835
34,719.2809
35,719.2809
36,705.9910
37,705.9910
38,705.9910
39,705.9910
40,705.9910
41,702.6712
42,702.6712
43,702.6712
44,702.6712
45,702.6712
46,702.6712
47,702.6712
48,702.6712
49,702.6712
50,702.6712
51,702.6712
52,702.6712
53,702.6712
54,702.6712
55,702.6712
56,697.8691
57,697.8691
58,696.7636
59,696.7636
60,690.2697
61,686.6402
62,686.6402
63,672.9027
64,672.9027
65,671.8898
66,671.8898
67,671.8898
68,671.8898
69,669.5641
70,669.5641
71,664.9034
72,645.8243
73,640.4571
74,640.4571
75,635.4249
76,635.4249
77,635.4249
78,599.1887
79,594.1566
80,594.1566
81,594.1333
82,594.1333
83,594.1333
84,588.8974
85,588.8974
86,588.8974
87,588.8974
88,588.8974
89,588.8974
90,582.6209
91,580.6297
92,580.6297
93,579.3772
94,579.3772
95,578.4231
96,569.0487
97,569.0487
98,569.0487
99,569.0487
100,569.0487
101,566.6100
102,566.6100
103,566.6100
104,563.2166
105,563.2166
106,559.2807
107,559.2807
108,559.2807
109,557.6400
110,557.6400
111,548.7606
112,548.7606
113,548.7606
114,548.7606
115,548.7606
116,548.7606
117,548.7606
118,548.7606
119,548.7606
120,548.7606
121,548.7606
122,548.7606
123,548.7606
124,548.7606
125,548.7606
126,548.7606
127,548.7606
128,548.7606
129,548.7606
130,548.7606
131,548.7606
132,548.7606
133,548.7606
134,548.7606
135,548.7606
136,548.7606
137,548.7606
138,548.7606
139,548.7606
140,548.7606
141,548.7606
142,548.7606
143,548.7606
144,548.7606
145,548.7606
146,548.7606
147,548.7606
148,548.7606
149,548.7606
150,548.7606
151,548.7606
152,548.7606
153,548.7606
154,548.7606
155,548.7606
156,548.7606
157,548.7606
158,548.7606
159,548.7606
160,532.5886
161,532.5886
162,532.5886
163,532.5886
164,532.5886
165,532.5886
166,532.5886
167,532.5886
168,532.5886
169,532.5886
170,532.5886
171,532.5886
172,532.5886
173,532.5886
174,532.5886
175,532.5886
176,532.5886
177,532.5886
178,527.5504
179,527.5504
180,527.5504
181,527.5504
182,527.5504
183,527.5504
184,527.5504
185,527.5504
186,527.5504
187,527.5504
188,522.1944
189,522.1944
190,521.1024
191,521.1024
192,521.1024
193,521.1024
194,521.1024
195,521.1024
196,521.1024
197,521.1024
198,521.1024
199,521.1024
200,521.1024
201,521.1024
202,521.1024
203,521.1024
204,521.1024
205,521.1024
206,521.1024
207,521.1024
208,521.1024
209,521.1024
210,521.1024
211,521.1024
212,521.1024
213,521.1024
214,521.1024
215,521.1024
216,521.1024
217,521.1024
218,521.1024
219,521.1024
220,521.1024
221,521.1024
222,521.1024
223,521.1024
224,521.1024
225,521.1024
226,521.1024
227,521.1024
228,521.1024
229,521.1024
230,521.1024
231,521.1024
232,521.1024
233,521.1024
234,521.1024
235,521.1024
236,521.1024
237,521.1024
238,521.1024
239,521.1024
240,521.1024
241,521.1024
242,521.1024
243,521.1024
244,521.1024
245,521.1024
246,518.6339
247,518.6339
248,518.6339
249,518.6339
250,518.6339
251,518.6339
252,518.6339
253,518.6339
254,518.6339
255,518.6339
256,518.6339
257,518.6339
258,518.6339
259,518.6339
260,518.6339
261,518.6339
262,518.6339
263,518.6339
264,518.6339
265,518.6339
266,518.6339
267,518.6339
268,518.6339
269,518.6339
270,518.6339
271,518.6339
272,518.6339
273,518.6339
274,518.6339
275,518.6339
276,518.6339
277,518.6339
278,518.6339
279,514.3960
280,514.3960
281,514.3960
282,514.3960
283,514.3960
284,514.3960
285,514.3960
286,514.3960
287,514.3960
288,514.3960
289,514.3960
290,514.3960
291,514.3960
292,514.3960
293,514.3960
294,514.3960
295,514.3960
296,514.3960
297,514.3960
298,514.3960
299,514.3960
300,514.3960
301,514.3960
302,514.3960
303,514.3960
304,514.3960
305,514.3960
306,514.3960
307,514.3960
308,514.3960
309,514.3960
310,514.3960
311,514.3960
312,514.3960
313,514.3960
314,514.3960
315,514.3960
316,514.3960
317,514.3960
318,514.3960
319,514.3960
320,514.3960
321,514.3960
322,514.3960
323,514.3960
324,514.3960
325,514.3960
326,514.3960
327,514.3960
328,514.3960
329,514.3960
330,514.3960
331,514.3960
332,514.3960
333,514.3960
334,514.3960
335,514.3960
336,514.3960
337,514.3960
338,514.3960
339,514.3960
340,514.3960
341,514.3960
342,514.3960
343,514.3960
344,514.3960
345,514.3960
346,501.7281
347,501.7281
348,501.7281
349,501.7281
350,501.7281
351,501.7281
352,501.7281
353,501.7281
354,501.7281
355,501.7281
356,501.7281
357,501.7281
358,501.7281
359,501.7281
360,501.7281
361,501.7281
362,501.7281
363,488.6987
364,488.6987
365,488.6987
366,488.6987
367,488.6987
368,488.6987
369,488.6987
370,488.6987
371,488.6987
372,488.6987
373,488.6987
374,488.6987
375,488.6987
376,488.6987
377,488.6987
378,488.6987
379,482.8348
380,482.8348
381,482.8348
382,482.8348
383,482.8348
384,482.8348
385,482.8348
386,482.8348
387,482.8348
388,482.8348
389,482.8348
390,482.8348
391,482.8348
392,481.0941
393,481.0941
394,481.0941
395,481.0941
396,481.0941
397,481.0941
398,481.0941
399,481.0941
400,481.0941
401,481.0941
402,481.0941
403,481.0941
404,481.0941
405,481.0941
406,481.0941
407,481.0941
408,481.0941
409,481.0941
410,481.0941
411,481.0941
412,481.0941
413,481.0941
414,481.0941
415,481.0941
416,481.0941
417,481.0941
418,481.0941
419,481.0941
420,481.0941
421,481.0941
422,481.0941
423,481.0941
424,481.0941
425,481.0941
426,481.0941
427,481.0941
428,481.0941
429,481.0941
430,481.0941
431,481.0941
432,481.0941
433,481.0941
434,481.0941
435,481.0941
436,481.0941
437,472.5969
438,472.5969
439,472.5969
440,472.5969
441,472.5969
442,472.5969
443,472.5969
444,472.5969
445,472.5969
446,472.5969
447,472.5969
448,472.5969
449,472.5969
450,472.5969
451,472.5969
452,472.5969
453,472.5969
454,472.5969
455,472.5969
456,472.5969
457,472.5969
458,472.5969
459,472.5969
460,472.5969
461,472.5969
462,472.5969
463,472.5969
464,472.5969
465,472.5969
466,472.5969
467,472.5969
468,472.5969
469,472.5969
470,472.5969
471,472.5969
472,472.5969
473,472.5969
474,472.5969
475,472.5969
476,472.5969
477,472.5969
478,472.5969
479,472.5969
480,472.5969
481,472.5969
482,472.5969
483,472.5969
484,472.5969
485,472.5969
486,472.5969
487,472.5969
488,472.5969
489,472.5969
490,472.5969
491,472.5969
492,472.5969
493,472.5969
494,472.5969
495,472.5969
496,472.5969
497,472.5969
498,472.5969
499,472.5969
500,472.5969
501,472.5969
502,472.5969
503,472.5969
504,472.5969
505,472.5969
506,472.5969
507,472.5969
508,472.5969
509,472.5969
510,472.5969
511,472.5969
512,472.5969
513,472.5969
514,472.5969
515,472.5969
516,472.5969
517,472.5969
518,472.5969
519,472.5969
520,472.5969
521,472.5969
522,472.5969
523,472.5969
524,472.5969
525,472.5969
526,472.5969
527,472.5969
528,472.5969
529,472.5969
530,472.5969
531,472.5969
532,472.5969
533,472.5969
534,472.5969
535,472.5969
536,472.5969
537,472.5969
538,472.5969
539,472.5969
540,469.1712
541,469.1712
542,469.1712
543,469.1712
544,469.1712
545,469.1712
546,469.1712
547,469.1712
548,469.1712
549,469.1712
550,469.1712
551,469.1712
552,469.1712
553,469.1712
554,469.1712
555,469.1712
556,469.1712
557,469.1712
558,469.1712
559,469.1712
560,469.1712
561,469.1712
562,469.1712
563,469.1712
564,469.1712
565,469.1712
566,469.1712
567,469.1712
568,469.1712
569,469.1712
570,469.1712
571,469.1712
572,469.1712
573,469.1712
574,469.1712
575,469.1712
576,469.1712
577,469.1712
578,469.1712
579,469.1712
580,469.1712
581,469.1712
582,469.1712
583,469.1712
584,469.1712
585,469.1712
586,469.1712
587,469.1712
588,467.2961
589,467.2961
590,467.2961
591,467.2961
592,467.2961
593,467.2961
594,467.2961
595,467.2961
596,467.2961
597,467.2961
598,467.2961
599,467.2961
600,467.2961
601,467.2961
602,467.2961
603,467.2961
604,467.2961
605,467.2961
606,467.2961
607,467.2961
608,467.2961
609,467.2961
610,467.2961
611,467.2961
612,467.2961
613,467.2961
614,467.2961
615,467.2961
616,467.2961
617,467.2961
618,467.2961
619,467.2961
620,467.2961
621,467.2961
622,467.2961
623,467.2961
624,467.2961
625,467.2961
626,467.2961
627,467.2961
628,467.2961
629,467.2961
630,467.2961
631,467.2961
632,467.2961
633,467.2961
634,467.2961
635,467.2961
636,467.2961
637,467.2961
638,467.2961
639,467.2961
640,467.2961
641,467.2961
642,467.2961
643,467.2961
644,467.2961
645,467.2961
646,467.2961
647,467.2961
648,467.2961
649,467.2961
650,467.2961
651,467.2961
652,467.2961
653,467.2961
654,467.2961
655,467.2961
656,467.2961
657,467.2961
658,467.2961
659,467.2961
660,467.2961
661,467.2961
662,467.2961
663,467.2961
664,467.2961
665,467.2961
666,467.2961
667,467.2961
668,467.2961
669,467.2961
670,467.2961
671,467.2961
672,467.2961
673,467.2961
674,467.2961
675,467.2961
676,467.2961
677,467.2961
678,467.2961
679,467.2961
680,467.2961
681,456.9861
682,456.9861
683,456.9861
684,456.9861
685,456.9861
686,456.9861
687,456.9861
688,456.9861
689,456.9861
690,456.9861
691,456.9861
692,456.9861
693,456.9861
694,456.9861
695,456.9861
696,456.9861
697,456.9861
698,456.9861
699,456.9861
700,456.9861
701,456.9861
702,456.9861
703,456.9861
704,456.9861
705,456.9861
706,456.9861
707,456.9861
708,456.9861
709,456.9861
710,456.9861
711,456.9861
712,456.9861
713,456.9861
714,456.9861
715,456.9861
716,456.9861
717,456.9861
718,456.9861
719,456.9861
720,456.9861
721,456.9861
722,456.9861
723,456.9861
724,456.9861
725,456.9861
726,456.9861
727,456.9861
728,456.9861
729,456.9861
730,456.9861
731,456.9861
732,456.9861
733,456.9861
734,456.9861
735,456.9861
736,456.9861
737,456.9861
738,456.9861
739,456.9861
740,456.9861
741,456.9861
742,456.9861
743,456.9861
744,456.9861
745,456.9861
746,456.9861
747,456.9861
748,456.9861
749,456.9861
750,456.9861
751,456.9861
752,456.9861
753,456.9861
754,456.9861
755,456.9861
756,456.9861
757,456.9861
758,456.9861
759,456.9861
760,456.9861
761,456.9861
762,456.9861
763,456.9861
764,456.9861
765,456.9861
766,456.9861
767,456.9861
768,456.9861
769,456.9861
770,456.9861
771,456.9861
772,456.9861
773,456.9861
774,456.9861
775,456.9861
776,456.9861
777,456.9861
778,456.9861
779,456.9861
780,456.9861
781,456.9861
782,456.9861
783,456.9861
784,456.9861
785,456.9861
786,456.9861
787,456.9861
788,456.9861
789,456.9861
790,456.9861
791,456.9861
792,456.9861
793,456.9861
794,456.9861
795,456.9861
796,456.9861
797,456.9861
798,456.9861
799,456.9861
800,456.9861
801,456.9861
802,456.9861
803,456.9861
804,456.9861
805,456.9861
806,456.9861
807,456.9861
808,456.9861
809,456.9861
810,456.9861
811,456.9861
812,456.9861
813,456.9861
814,456.9861
815,456.9861
816,456.9861
817,456.9861
818,456.9861
819,456.9861
820,456.9861
821,456.9861
822,456.9861
823,456.9861
824,456.9861
825,456.9861
826,456.9861
827,456.9861
828,456.9861
829,456.9861
830,456.9861
831,456.9861
832,456.9861
833,456.9861
834,456.9861
835,456.9861
836,456.9861
837,456.9861
838,456.9861
839,456.9861
840,456.9861
841,456.9861
842,456.9861
843,456.9861
844,456.9861
845,456.9861
846,456.9861
847,456.9861
848,456.9861
849,456.9861
850,456.9861
851,456.9861
852,456.9861
853,456.9861
854,456.9861
855,456.9861
856,456.9861
857,456.9861
858,456.9861
859,456.9861
860,456.9861
861,456.9861
862,456.9861
863,456.9861
864,456.9861
865,456.9861
866,456.9861
867,456.9861
868,456.9861
869,456.9861
870,456.9861
871,456.9861
872,453.8951
873,453.8951
874,453.8951
875,453.8951
876,453.8951
877,453.8951
878,453.8951
879,453.8951
880,453.8951
881,453.8951
882,453.8951
883,453.8951
884,453.8951
885,453.8951
886,453.8951
887,453.8951
888,453.8951
889,453.8951
890,453.8951
891,453.8951
892,453.8951
893,453.8951
894,453.8951
895,453.8951
896,453.8951
897,453.8951
898,453.8951
899,453.8951
900,453.8951
901,453.8951
902,453.8951
903,453.8951
904,453.8951
905,453.8951
906,453.8951
907,453.8951
908,453.8951
909,453.8951
910,453.8951
911,453.8951
912,453.8951
913,453.8951
914,453.8951
915,453.8951
916,453.8951
917,453.8951
918,453.8951
919,453.8951
920,453.8951
921,453.8951
922,453.8951
923,453.8951
924,453.8951
925,453.8951
926,453.8951
927,453.8951
928,453.8951
929,453.8951
930,453.8951
931,453.8951
932,453.8951
933,453.8951
934,453.8951
935,453.8951
936,453.8951
937,453.8951
938,453.8951
939,453.8951
940,453.8951
941,453.8951
942,453.8951
943,453.8951
944,453.8951
945,453.8951
946,453.8951
947,453.8951
948,453.8951
949,453.8951
950,453.8951
951,453.8951
952,453.8951
953,453.8951
954,453.8951
955,453.8951
956,453.8951
957,453.8951
958,453.8951
959,453.8951
960,453.8951
961,453.8951
962,453.8951
963,453.8951
964,453.8951
965,453.8951
966,453.8951
967,453.8951
968,453.8951
969,453.8951
970,453.8951
971,453.8951
972,453.8951
973,453.8951
974,453.8951
975,453.8951
976,453.8951
977,453.8951
978,453.8951
979,453.8951
980,453.8951
981,453.8951
982,453.8951
983,453.8951
984,453.8951
985,453.8951
986,453.8951
987,453.8951
988,453.8951
989,453.8951
990,453.8951
991,453.8951
992,453.8951
993,453.8951
994,453.8951
995,453.8951
996,453.8951
997,453.8951
998,453.8951
999,453.8951
1000,453.8951
1001,453.8951
1002,453.8951
1003,453.8951
1004,453.8951
1005,453.8951
1006,453.8951
1007,453.8951
1008,453.8951
1009,453.8951
1010,453.8951
1011,453.8951
1012,453.8951
1013,453.8951
1014,453.8951
1015,453.8951
1016,453.8951
1017,453.8951
1018,453.8951
1019,453.8951
1020,453.8951
1021,453.8951
1022,453.8951
1023,453.8951
1024,453.8951
1025,453.8951
1026,453.8951
1027,453.8951
1028,453.8951
1029,453.8951
1030,453.8951
1031,453.8951
1032,453.8951
1033,453.8951
1034,453.8951
1035,453.8951
1036,453.8951
1037,453.8951
1038,453.8951
1039,453.8951
1040,453.8951
1041,453.8951
1042,453.8951
1043,453.8951
1044,453.8951
1045,453.8951
1046,453.8951
1047,453.8951
1048,453.8951
1049,453.8951
1050,453.8951
1051,453.8951
1052,453.8951
1053,453.8951
1054,453.8951
1055,453.8951
1056,453.8951
1057,453.8951
1058,453.8951
1059,453.8951
1060,453.8951
1061,453.8951
1062,453.8951
1063,453.8951
1064,453.8951
1065,453.8951
1066,453.8951
1067,453.8951
1068,453.8951
1069,453.8951
1070,453.8951
1071,453.8951
1072,453.8951
1073,453.8951
1074,453.8951
1075,453.8951
1076,453.8951
1077,453.8951
1078,453.8951
1079,453.8951
1080,453.8951
1081,453.8951
1082,453.8951
1083,453.8951
1084,453.8951
1085,453.8951
1086,453.8951
1087,453.8951
1088,453.8951
1089,453.8951
1090,453.8951
1091,453.8951
1092,453.8951
1093,453.8951
1094,453.8951
1095,453.8951
1096,453.8951
1097,453.8951
1098,453.8951
1099,453.8951
1100,453.8951
1101,453.8951
1102,453.8951
1103,453.8951
1104,453.8951
1105,453.8951
1106,453.8951
1107,453.8951
1108,453.8951
1109,453.8951
1110,453.8951
1111,453.8951
1112,453.8951
1113,453.8951
1114,453.8951
1115,453.8951
1116,453.8951
1117,453.8951
1118,453.8951
1119,453.8951
1120,453.8951
1121,453.8951
1122,453.8951
1123,453.8951
1124,453.8951
1125,453.8951
1126,453.8951
1127,453.8951
1128,453.8951
1129,453.8951
1130,453.8951
1131,453.8951
1132,453.8951
1133,453.8951
1134,453.8951
1135,453.8951
1136,453.8951
1137,453.8951
1138,453.8951
1139,453.8951
1140,453.8951
1141,453.8951
1142,453.8951
1143,453.8951
1144,453.8951
1145,453.8951
1146,453.8951
1147,453.8951
1148,453.8951
1149,453.8951
1150,453.8951
1151,453.8951
1152,453.8951
1153,453.8951
1154,453.8951
1155,453.8951
1156,453.8951
1157,453.8951
1158,453.8951
1159,453.8951
1160,453.8951
1161,453.8951
1162,453.8951
1163,453.8951
1164,453.8951
1165,453.8951
1166,453.8951
1167,453.8951
1168,453.8951
1169,453.8951
1170,453.8951
1171,453.8951
1172,453.8951
1173,453.8951
1174,453.8951
1175,453.8951
1176,453.8951
1177,453.8951
1178,453.8951
1179,453.8951
1180,453.8951
1181,453.8951
1182,453.8951
1183,453.8951
1184,453.8951
1185,453.8951
1186,453.8951
1187,453.8951
1188,453.8951
1189,453.8951
1190,453.8951
1191,453.8951
1192,453.8951
1193,453.8951
1194,453.8951
1195,453.8951
1196,453.8951
1197,453.8951
1198,453.8951
1199,453.8951
1200,453.8951
1201,453.8951
1202,453.8951
1203,453.8951
1204,453.8951
1205,453.8951
1206,453.8951
1207,453.8951
1208,453.8951
1209,453.8951
1210,453.8951
1211,453.8951
1212,453.8951
1213,453.8951
1214,453.8951
1215,453.8951
1216,453.8951
1217,453.8951
1218,453.8951
1219,453.8951
1220,453.8951
1221,453.8951
1222,453.8951
1223,453.8951
1224,453.8951
1225,453.8951
1226,453.8951
1227,453.8951
1228,453.8951
1229,453.8951
1230,453.8951
1231,453.8951
1232,453.8951
1233,453.8951
1234,453.8951
1235,453.8951
1236,453.8951
1237,453.8951
1238,453.8951
1239,453.8951
1240,453.8951
1241,453.8951
1242,453.8951
1243,453.8951
1244,453.8951
1245,453.8951
1246,453.8951
1247,453.8951
1248,453.8951
1249,453.8951
1250,453.8951
1251,453.8951
1252,453.8951
1253,453.8951
1254,453.8951
1255,453.8951
1256,453.8951
1257,453.8951
1258,453.8951
1259,453.8951
1260,453.8951
1261,453.8951
1262,453.8951
1263,453.8951
1264,453.8951
1265,453.8951
1266,453.8951
1267,453.8951
1268,453.8951
1269,453.8951
1270,453.8951
1271,453.8951
1272,453.8951
1273,453.8951
1274,453.8951
1275,453.8951
1276,453.8951
1277,453.8951
1278,453.8951
1279,453.8951
1280,453.8951
1281,453.8951
1282,453.8951
1283,453.8951
1284,453.8951
1285,453.8951
1286,453.8951
1287,453.8951
1288,453.8951
1289,453.8951
1290,453.8951
1291,453.8951
1292,453.8951
1293,453.8951
1294,453.8951
1295,453.8951
1296,453.8951
1297,453.8951
1298,453.8951
1299,453.8951
1300,453.8951
1301,453.8951
1302,453.8951
1303,453.8951
1304,453.8951
1305,453.8951
1306,453.8951
1307,453.8951
1308,453.8951
1309,453.8951
1310,453.8951
1311,453.8951
1312,453.8951
1313,453.8951
1314,453.8951
1315,453.8951
1316,453.8951
1317,453.8951
1318,453.8951
1319,453.8951
1320,453.8951
1321,453.8951
1322,453.8951
1323,453.8951
1324,453.8951
1325,453.8951
1326,453.8951
1327,453.8951
1328,453.8951
1329,453.8951
1330,453.8951
1331,453.8951
1332,453.8951
1333,453.8951
1334,453.8951
1335,453.8951
1336,453.8951
1337,453.8951
1338,453.8951
1339,453.8951
1340,453.8951
1341,453.8951
1342,453.8951
1343,453.8951
1344,453.8951
1345,453.8951
1346,453.8951
1347,453.8951
1348,453.8951
1349,453.8951
1350,453.8951
1351,453.8951
1352,453.8951
1353,453.8951
1354,453.8951
1355,453.8951
1356,453.8951
1357,453.8951
1358,453.8951
1359,453.8951
1360,453.8951
1361,453.8951
1362,453.8951
1363,453.8951
1364,453.8951
1365,453.8951
1366,453.8951
1367,453.8951
1368,453.8951
1369,453.8951
1370,453.8951
1371,453.8951
1372,453.8951
1373,453.8951
1374,453.8951
1375,453.8951
1376,453.8951
1377,453.8951
1378,453.8951
1379,453.8951
1380,453.8951
1381,453.8951
1382,453.8951
1383,453.8951
1384,453.8951
1385,453.8951
1386,453.8951
1387,453.8951
1388,453.8951
1389,453.8951
1390,453.8951
1391,453.8951
1392,453.8951
1393,453.8951
1394,453.8951
1395,453.8951
1396,453.8951
1397,453.8951
1398,453.8951
1399,453.8951
1400,453.8951
1401,453.8951
1402,453.8951
1403,453.8951
1404,453.8951
1405,453.8951
1406,453.8951
1407,453.8951
1408,453.8951
1409,453.8951
1410,453.8951
1411,453.8951
1412,453.8951
1413,453.8951
1414,453.8951
1415,453.8951
1416,453.8951
1417,453.8951
1418,453.8951
1419,453.8951
1420,453.8951
1421,453.8951
1422,453.8951
1423,453.8951
1424,453.8951
1425,453.8951
1426,453.8951
1427,453.8951
1428,453.8951
1429,453.8951
1430,453.8951
1431,453.8951
1432,453.8951
1433,453.8951
1434,453.8951
1435,453.8951
1436,453.8951
1437,453.8951
1438,453.8951
1439,453.8951
1440,453.8951
1441,453.8951
1442,453.8951
1443,453.8951
1444,453.8951
1445,453.8951
1446,453.8951
1447,453.8951
1448,453.8951
1449,453.8951
1450,453.8951
1451,453.8951
1452,453.8951
1453,453.8951
1454,453.8951
1455,453.8951
1456,453.8951
1457,453.8951
1458,453.8951
1459,453.8951
1460,453.8951
1461,453.8951
1462,453.8951
1463,453.8951
1464,453.8951
1465,453.8951
1466,453.8951
1467,453.8951
1468,453.8951
1469,453.8951
1470,453.8951
1471,453.8951
1472,453.8951
1473,453.8951
1474,453.8951
1475,453.8951
1476,453.8951
1477,453.8951
1478,453.8951
1479,453.8951
1480,453.8951
1481,453.8951
1482,453.8951
1483,453.8951
1484,453.8951
1485,453.8951
1486,453.8951
1487,453.8951
1488,453.8951
1489,453.8951
1490,453.8951
1491,453.8951
1492,453.8951
1493,453.8951
1494,453.8951
1495,453.8951
1496,453.8951
1497,453.8951
1498,453.8951
1499,453.8951
1500,453.8951
1501,453.8951
1502,453.8951
1503,453.8951
1504,453.8951
1505,453.8951
1506,453.8951
1507,453.8951
1508,453.8951
1509,453.8951
1510,453.8951
1511,453.8951
1512,453.8951
1513,453.8951
1514,453.8951
1515,453.8951
1516,453.8951
1517,453.8951
1518,453.8951
1519,453.8951
1520,453.8951
1521,453.8951
1522,453.8951
1523,453.8951
1524,453.8951
1525,453.8951
1526,453.8951
1527,453.8951
1528,453.8951
1529,453.8951
1530,453.8951
1531,453.8951
1532,453.8951
1533,453.8951
1534,453.8951
1535,453.8951
1536,453.8951
1537,453.8951
1538,453.8951
1539,453.8951
1540,453.8951
1541,453.8951
1542,453.8951
1543,453.8951
1544,453.8951
1545,453.8951
1546,453.8951
1547,453.8951
1548,453.8951
1549,453.8951
1550,453.8951
1551,453.8951
1552,453.8951
1553,453.8951
1554,453.8951
1555,453.8951
1556,453.8951
1557,453.8951
1558,453.8951
1559,453.8951
1560,453.8951
1561,453.8951
1562,453.8951
1563,453.8951
1564,453.8951
1565,453.8951
1566,453.8951
1567,453.8951
1568,453.8951
1569,453.8951
1570,453.8951
1571,453.8951
1572,453.8951
1573,453.8951
1574,453.8951
1575,453.8951
1576,453.8951
1577,453.8951
1578,453.8951
1579,453.8951
1580,453.8951
1581,453.8951
1582,453.8951
1583,453.8951
1584,453.8951
1585,453.8951
1586,453.8951
1587,453.8951
1588,453.8951
1589,453.8951
1590,453.8951
1591,453.8951
1592,453.8951
1593,453.8951
1594,453.8951
1595,453.8951
1596,453.8951
1597,453.8951
1598,453.8951
1599,453.8951
1600,453.8951
1601,453.8951
1602,453.8951
1603,453.8951
1604,453.8951
1605,453.8951
1606,453.8951
1607,453.8951
1608,453.8951
1609,453.8951
1610,453.8951
1611,453.8951
1612,453.8951
1613,453.8951
1614,453.8951
1615,453.8951
1616,453.8951
1617,453.8951
1618,453.8951
1619,453.8951
1620,453.8951
1621,453.8951
1622,453.8951
1623,453.8951
1624,453.8951
1625,453.8951
1626,453.8951
1627,453.8951
1628,453.8951
1629,453.8951
1630,453.8951
1631,453.8951
1632,453.8951
1633,453.8951
1634,453.8951
1635,453.8951
1636,453.8951
1637,453.8951
1638,453.8951
1639,453.8951
1640,453.8951
1641,453.8951
1642,453.8951
1643,453.8951
1644,453.8951
1645,453.8951
1646,453.8951
1647,453.8951
1648,453.8951
1649,453.8951
1650,453.8951
1651,453.8951
1652,453.8951
1653,453.8951
1654,453.8951
1655,453.8951
1656,453.8951
1657,453.8951
1658,453.8951
1659,453.8951
1660,453.8951
1661,453.8951
1662,453.8951
1663,453.8951
1664,453.8951
1665,453.8951
1666,453.8951
1667,453.8951
1668,453.8951
1669,453.8951
1670,453.8951
1671,453.8951
1672,453.8951
1673,453.8951
1674,453.8951
1675,453.8951
1676,453.8951
1677,453.8951
1678,453.8951
1679,453.8951
1680,453.8951
1681,453.8951
1682,453.8951
1683,453.8951
1684,453.8951
1685,453.8951
1686,453.8951
1687,453.8951
1688,453.8951
1689,453.8951
1690,453.8951
1691,453.8951
1692,453.8951
1693,453.8951
1694,453.8951
1695,453.8951
1696,453.8951
1697,453.8951
1698,453.8951
1699,453.8951
1700,453.8951
1701,453.8951
1702,453.8951
1703,453.8951
1704,453.8951
1705,453.8951
1706,453.8951
1707,453.8951
1708,453.8951
1709,453.8951
1710,453.8951
1711,453.8951
1712,453.8951
1713,453.8951
1714,453.8951
1715,453.8951
1716,453.8951
1717,453.8951
1718,453.8951
1719,453.8951
1720,453.8951
1721,453.8951
1722,453.8951
1723,453.8951
1724,453.8951
1725,453.8951
1726,453.8951
1727,453.8951
1728,453.8951
1729,453.8951
1730,453.8951
1731,453.8951
1732,453.8951
1733,453.8951
1734,453.8951
1735,453.8951
1736,453.8951
1737,453.8951
1738,453.8951
1739,453.8951
1740,453.8951
1741,453.8951
1742,453.8951
1743,453.8951
1744,453.8951
1745,453.8951
1746,453.8951
1747,453.8951
1748,453.8951
1749,453.8951
1750,453.8951
1751,453.8951
1752,453.8951
1753,453.8951
1754,453.8951
1755,453.8951
1756,453.8951
1757,453.8951
1758,453.8951
1759,453.8951
1760,453.8951
1761,453.8951
1762,453.8951
1763,453.8951
1764,453.8951
1765,453.8951
1766,453.8951
1767,453.8951
1768,453.8951
1769,453.8951
1770,453.8951
1771,453.8951
1772,453.8951
1773,453.8951
1774,453.8951
1775,453.8951
1776,453.8951
1777,453.8951
1778,453.8951
1779,453.8951
1780,453.8951
1781,453.8951
1782,453.8951
1783,453.8951
1784,453.8951
1785,453.8951
1786,453.8951
1787,453.8951
1788,453.8951
1789,453.8951
1790,453.8951
1791,453.8951
1792,453.8951
1793,453.8951
1794,453.8951
1795,453.8951
1796,453.8951
1797,453.8951
1798,453.8951
1799,453.8951
1800,453.8951
1801,453.8951
1802,453.8951
1803,453.8951
1804,453.8951
1805,453.8951
1806,453.8951
1807,453.8951
1808,453.8951
1809,453.8951
1810,453.8951
1811,453.8951
1812,453.8951
1813,453.8951
1814,453.8951
1815,453.8951
1816,453.8951
1817,453.8951
1818,453.8951
1819,453.8951
1820,453.8951
1821,453.8951
1822,453.8951
1823,453.8951
1824,453.8951
1825,453.8951
1826,453.8951
1827,453.8951
1828,453.8951
1829,453.8951
1830,453.8951
1831,453.8951
1832,453.8951
1833,453.8951
1834,453.8951
1835,453.8951
1836,453.8951
1837,453.8951
1838,453.8951
1839,453.8951
1840,453.8951
1841,453.8951
1842,453.8951
1843,453.8951
1844,453.8951
1845,453.8951
1846,453.8951
1847,453.8951
1848,453.8951
1849,453.8951
1850,453.8951
1851,453.8951
1852,453.8951
1853,453.8951
1854,453.8951
1855,453.8951
1856,453.8951
1857,453.8951
1858,453.8951
1859,453.8951
1860,453.8951
1861,453.8951
1862,453.8951
1863,453.8951
1864,453.8951
1865,453.8951
1866,453.8951
1867,453.8951
1868,453.8951
1869,453.8951
1870,453.8951
1871,453.8951
1872,453.8951
1873,453.8951
1874,453.8951
1875,453.8951
1876,453.8951
1877,453.8951
1878,453.8951
1879,453.8951
1880,453.8951
1881,453.8951
1882,453.8951
1883,453.8951
1884,453.8951
1885,453.8951
1886,453.8951
1887,453.8951
1888,453.8951
1889,453.8951
1890,453.8951
1891,453.8951
1892,453.8951
1893,453.8951
1894,453.8951
1895,453.8951
1896,453.8951
1897,453.8951
1898,453.8951
1899,453.8951
1900,453.8951
1901,453.8951
1902,453.8951
1903,453.8951
1904,453.8951
1905,453.8951
1906,453.8951
1907,453.8951
1908,453.8951
1909,453.8951
1910,453.8951
1911,453.8951
1912,453.8951
1913,453.8951
1914,453.8951
1915,453.8951
1916,453.8951
1917,453.8951
1918,453.8951
1919,453.8951
1920,453.8951
1921,453.8951
1922,453.8951
1923,453.8951
1924,453.8951
1925,453.8951
1926,453.8951
1927,453.8951
1928,453.8951
1929,453.8951
1930,453.8951
1931,453.8951
1932,453.8951
1933,453.8951
1934,453.8951
1935,453.8951
1936,453.8951
1937,453.8951
1938,453.8951
1939,453.8951
1940,453.8951
1941,453.8951
1942,453.8951
1943,453.8951
1944,453.8951
1945,453.8951
1946,453.8951
1947,453.8951
1948,453.8951
1949,453.8951
1950,453.8951
1951,453.8951
1952,453.8951
1953,453.8951
1954,453.8951
1955,453.8951
1956,453.8951
1957,453.8951
1958,453.8951
1959,453.8951
1960,453.8951
1961,453.8951
1962,453.8951
1963,453.8951
1964,453.8951
1965,453.8951
1966,453.8951
1967,453.8951
1968,453.8951
1969,453.8951
1970,453.8951
1971,453.8951
1972,453.8951
1973,453.8951
1974,453.8951
1975,453.8951
1976,453.8951
1977,453.8951
1978,453.8951
1979,453.8951
1980,453.8951
1981,453.8951
1982,453.8951
1983,453.8951
1984,453.8951
1985,453.8951
1986,453.8951
1987,453.8951
1988,453.8951
1989,453.8951
1990,453.8951
1991,453.8951
1992,453.8951
1993,453.8951
1994,453.8951
1995,453.8951
1996,453.8951
1997,453.8951
1998,453.8951
1999,453.8951
2000,453.8951
2001,453.8951
2002,453.8951
2003,453.8951
2004,453.8951
2005,453.8951
2006,453.8951
2007,453.8951
2008,453.8951
2009,453.8951
2010,453.8951
2011,453.8951
2012,453.8951
2013,453.8951
2014,453.8951
2015,453.8951
2016,453.8951
2017,453.8951
2018,453.8951
2019,453.8951
2020,453.8951
2021,453.8951
2022,453.8951
2023,453.8951
2024,453.8951
2025,453.8951
2026,453.8951
2027,453.8951
2028,453.8951
2029,453.8951
2030,453.8951
2031,453.8951
2032,453.8951
2033,453.8951
2034,453.8951
2035,453.8951
2036,453.8951
2037,453.8951
2038,453.8951
2039,453.8951
2040,453.8951
2041,453.8951
2042,453.8951
2043,453.8951
2044,453.8951
2045,453.8951
2046,453.8951
2047,453.8951
2048,453.8951
2049,453.8951
2050,453.8951
2051,453.8951
2052,453.8951
2053,453.8951
2054,453.8951
2055,453.8951
2056,453.8951
2057,453.8951
2058,453.8951
2059,453.8951
2060,453.8951
2061,453.8951
2062,453.8951
2063,453.8951
2064,453.8951
2065,453.8951
2066,453.8951
2067,453.8951
2068,453.8951
2069,453.8951
2070,453.8951
2071,453.8951
2072,453.8951
2073,453.8951
2074,453.8951
2075,453.8951
2076,453.8951
2077,453.8951
2078,453.8951
2079,453.8951
2080,453.8951
2081,453.8951
2082,453.8951
2083,453.8951
2084,453.8951
2085,453.8951
2086,453.8951
2087,453.8951
2088,453.8951
2089,453.8951
2090,453.8951
2091,453.8951
2092,453.8951
2093,453.8951
2094,453.8951
2095,453.8951
2096,453.8951
2097,453.8951
2098,453.8951
2099,453.8951
2100,453.8951
2101,453.8951
2102,453.8951
2103,453.8951
2104,453.8951
2105,453.8951
2106,453.8951
2107,453.8951
2108,453.8951
2109,453.8951
2110,453.8951
2111,453.8951
2112,453.8951
2113,453.8951
2114,453.8951
2115,453.8951
2116,453.8951
2117,453.8951
2118,453.8951
2119,453.8951
2120,453.8951
2121,453.8951
2122,453.8951
2123,453.8951
2124,453.8951
2125,453.8951
2126,453.8951
2127,453.8951
2128,453.8951
2129,453.8951
2130,453.8951
2131,453.8951
2132,453.8951
2133,453.8951
2134,453.8951
2135,453.8951
2136,453.8951
2137,453.8951
2138,453.8951
2139,453.8951
2140,453.8951
2141,453.8951
2142,453.8951
2143,453.8951
2144,453.8951
2145,453.8951
2146,453.8951
2147,453.8951
2148,453.8951
2149,453.8951
2150,453.8951
2151,453.8951
2152,453.8951
2153,453.8951
2154,453.8951
2155,453.8951
2156,453.8951
2157,453.8951
2158,453.8951
2159,453.8951
2160,453.8951
2161,453.8951
2162,453.8951
2163,453.8951
2164,453.8951
2165,453.8951
2166,453.8951
2167,453.8951
2168,453.8951
2169,453.8951
2170,453.8951
2171,453.8951
2172,453.8951
2173,453.8951
2174,453.8951
2175,453.8951
2176,453.8951
2177,453.8951
2178,453.8951
2179,453.8951
2180,453.8951
2181,453.8951
2182,453.8951
2183,453.8951
2184,453.8951
2185,453.8951
2186,453.8951
2187,453.8951
2188,453.8951
2189,453.8951
2190,453.8951
2191,453.8951
2192,453.8951
2193,453.8951
2194,453.8951
2195,453.8951
2196,453.8951
2197,453.8951
2198,453.8951
2199,453.8951
2200,453.8951
2201,453.8951
2202,453.8951
2203,453.8951
2204,453.8951
2205,453.8951
2206,453.8951
2207,453.8951
2208,453.8951
2209,453.8951
2210,453.8951
2211,453.8951
2212,453.8951
2213,453.8951
2214,453.8951
2215,453.8951
2216,453.8951
2217,453.8951
2218,453.8951
2219,453.8951
2220,453.8951
2221,453.8951
2222,453.8951
2223,453.8951
2224,453.8951
2225,453.8951
2226,453.8951
2227,453.8951
2228,453.8951
2229,453.8951
2230,453.8951
2231,453.8951
2232,453.8951
2233,453.8951
2234,453.8951
2235,453.8951
2236,453.8951
2237,453.8951
2238,453.8951
2239,453.8951
2240,453.8951
2241,453.8951
2242,453.8951
2243,453.8951
2244,453.8951
2245,453.8951
2246,453.8951
2247,453.8951
2248,453.8951
2249,453.8951
2250,453.8951
2251,453.8951
2252,453.8951
2253,453.8951
2254,453.8951
2255,453.8951
2256,453.8951
2257,453.8951
2258,453.8951
2259,453.8951
2260,453.8951
2261,453.8951
2262,453.8951
2263,453.8951
2264,453.8951
2265,453.8951
2266,453.8951
2267,453.8951
2268,453.8951
2269,453.8951
2270,453.8951
2271,453.8951
2272,453.8951
2273,453.8951
2274,453.8951
2275,453.8951
2276,453.8951
2277,453.8951
2278,453.8951
2279,453.8951
2280,453.8951
2281,453.8951
2282,453.8951
2283,453.8951
2284,453.8951
2285,453.8951
2286,453.8951
2287,453.8951
2288,453.8951
2289,453.8951
2290,453.8951
2291,453.8951
2292,453.8951
2293,453.8951
2294,453.8951
2295,453.8951
2296,453.8951
2297,453.8951
2298,453.8951
2299,453.8951
2300,453.8951
2301,453.8951
2302,453.8951
2303,453.8951
2304,453.8951
2305,453.8951
2306,453.8951
2307,453.8951
2308,453.8951
2309,453.8951
2310,453.8951
2311,453.8951
2312,453.8951
2313,453.8951
2314,453.8951
2315,453.8951
2316,453.8951
2317,453.8951
2318,453.8951
2319,453.8951
2320,453.8951
2321,453.8951
2322,453.8951
2323,453.8951
2324,453.8951
2325,453.8951
2326,453.8951
2327,453.8951
2328,453.8951
2329,453.8951
2330,453.8951
2331,453.8951
2332,453.8951
2333,453.8951
2334,453.8951
2335,453.8951
2336,453.8951
2337,453.8951
2338,453.8951
2339,453.8951
2340,453.8951
2341,453.8951
2342,453.8951
2343,453.8951
2344,453.8951
2345,453.8951
2346,453.8951
2347,453.8951
2348,453.8951
2349,453.8951
2350,453.8951
2351,453.8951
2352,453.8951
2353,453.8951
2354,453.8951
2355,453.8951
2356,453.8951
2357,453.8951
2358,453.8951
2359,453.8951
2360,453.8951
2361,453.8951
2362,453.8951
2363,453.8951
2364,453.8951
2365,453.8951
2366,453.8951
2367,453.8951
2368,453.8951
2369,453.8951
2370,453.8951
2371,453.8951
2372,453.8951
2373,453.8951
2374,453.8951
2375,453.8951
2376,453.8951
2377,453.8951
2378,453.8951
2379,453.8951
2380,453.8951
2381,453.8951
2382,453.8951
2383,453.8951
2384,453.8951
2385,453.8951
2386,453.8951
2387,453.8951
2388,453.8951
2389,453.8951
2390,453.8951
2391,453.8951
2392,453.8951
2393,453.8951
2394,453.8951
2395,453.8951
2396,453.8951
2397,453.8951
2398,453.8951
2399,453.8951
2400,453.8951
2401,453.8951
2402,453.8951
2403,453.8951
2404,453.8951
2405,453.8951
2406,453.8951
2407,453.8951
2408,453.8951
2409,453.8951
2410,453.8951
2411,453.8951
2412,453.8951
2413,453.8951
2414,453.8951
2415,453.8951
2416,453.8951
2417,453.8951
2418,453.8951
2419,453.8951
2420,453.8951
2421,453.8951
2422,453.8951
2423,453.8951
2424,453.8951
2425,453.8951
2426,453.8951
2427,453.8951
2428,453.8951
2429,453.8951
2430,453.8951
2431,453.8951
2432,453.8951
2433,453.8951
2434,453.8951
2435,453.8951
2436,453.8951
2437,453.8951
2438,453.8951
2439,453.8951
2440,453.8951
2441,453.8951
2442,453.8951
2443,453.8951
2444,453.8951
2445,453.8951
2446,453.8951
2447,453.8951
2448,453.8951
2449,453.8951
2450,453.8951
2451,453.8951
2452,453.8951
2453,453.8951
2454,453.8951
2455,453.8951
2456,453.8951
2457,453.8951
2458,453.8951
2459,453.8951
2460,453.8951
2461,453.8951
2462,453.8951
2463,453.8951
2464,453.8951
2465,453.8951
2466,453.8951
2467,453.8951
2468,453.8951
2469,453.8951
2470,453.8951
2471,453.8951
2472,453.8951
2473,453.8951
2474,453.8951
2475,453.8951
2476,453.8951
2477,453.8951
2478,453.8951
2479,453.8951
2480,453.8951
2481,453.8951
2482,453.8951
2483,453.8951
2484,453.8951
2485,453.8951
2486,453.8951
2487,453.8951
2488,453.8951
2489,453.8951
2490,453.8951
2491,453.8951
2492,453.8951
2493,453.8951
2494,453.8951
2495,453.8951
2496,453.8951
2497,453.8951
2498,453.8951
2499,453.8951
2500,453.8951
2501,453.8951
2502,453.8951
2503,453.8951
2504,453.8951
2505,453.8951
2506,453.8951
2507,453.8951
2508,453.8951
2509,453.8951
2510,453.8951
2511,453.8951
2512,453.8951
2513,453.8951
2514,453.8951
2515,453.8951
2516,453.8951
2517,453.8951
2518,453.8951
2519,453.8951
2520,453.8951
2521,453.8951
2522,453.8951
2523,453.8951
2524,453.8951
2525,453.8951
2526,453.8951
2527,453.8951
2528,453.8951
2529,453.8951
2530,453.8951
2531,453.8951
2532,453.8951
2533,453.8951
2534,453.8951
2535,453.8951
2536,453.8951
2537,453.8951
2538,453.8951
2539,453.8951
2540,453.8951
2541,453.8951
2542,453.8951
2543,453.8951
2544,453.8951
2545,453.8951
2546,453.8951
2547,453.8951
2548,453.8951
2549,453.8951
2550,453.8951
2551,453.8951
2552,453.8951
2553,453.8951
2554,453.8951
2555,453.8951
2556,453.8951
2557,453.8951
2558,453.8951
2559,453.8951
2560,453.8951
2561,453.8951
2562,453.8951
2563,453.8951
2564,453.8951
2565,453.8951
2566,453.8951
2567,453.8951
2568,453.8951
2569,453.8951
2570,453.8951
2571,453.8951
2572,453.8951
2573,453.8951
2574,453.8951
2575,453.8951
2576,453.8951
2577,453.8951
2578,453.8951
2579,453.8951
2580,453.8951
2581,453.8951
2582,453.8951
2583,453.8951
2584,453.8951
2585,453.8951
2586,453.8951
2587,453.8951
2588,453.8951
2589,453.8951
2590,453.8951
2591,453.8951
2592,453.8951
2593,453.8951
2594,453.8951
2595,453.8951
2596,453.8951
2597,453.8951
2598,453.8951
2599,453.8951
2600,453.8951
2601,453.8951
2602,453.8951
2603,453.8951
2604,453.8951
2605,453.8951
2606,453.8951
2607,453.8951
2608,453.8951
2609,453.8951
2610,453.8951
2611,453.8951
2612,453.8951
2613,453.8951
2614,453.8951
2615,453.8951
2616,453.8951
2617,453.8951
2618,453.8951
2619,453.8951
2620,453.8951
2621,453.8951
2622,453.8951
2623,453.8951
2624,453.8951
2625,453.8951
2626,453.8951
2627,453.8951
2628,453.8951
2629,453.8951
2630,453.8951
2631,453.8951
2632,453.8951
2633,453.8951
2634,453.8951
2635,453.8951
2636,453.8951
2637,453.8951
2638,453.8951
2639,453.8951
2640,453.8951
2641,453.8951
2642,453.8951
2643,453.8951
2644,453.8951
2645,453.8951
2646,453.8951
2647,453.8951
2648,453.8951
2649,453.8951
2650,453.8951
2651,453.8951
2652,453.8951
2653,453.8951
2654,453.8951
2655,453.8951
2656,453.8951
2657,453.8951
2658,453.8951
2659,453.8951
2660,453.8951
2661,453.8951
2662,453.8951
2663,453.8951
2664,453.8951
2665,453.8951
2666,453.8951
2667,453.8951
2668,453.8951
2669,453.8951
2670,453.8951
2671,453.8951
2672,453.8951
2673,453.8951
2674,453.8951
2675,453.8951
2676,453.8951
2677,453.8951
2678,453.8951
2679,453.8951
2680,453.8951
2681,453.8951
2682,453.8951
2683,453.8951
2684,453.8951
2685,453.8951
2686,453.8951
2687,453.8951
2688,453.8951
2689,453.8951
2690,453.8951
2691,453.8951
2692,453.8951
2693,453.8951
2694,453.8951
2695,453.8951
2696,453.8951
2697,453.8951
2698,453.8951
2699,453.8951
2700,453.8951
2701,453.8951
2702,453.8951
2703,453.8951
2704,453.8951
2705,453.8951
2706,453.8951
2707,453.8951
2708,453.8951
2709,453.8951
2710,453.8951
2711,453.8951
2712,453.8951
2713,453.8951
2714,453.8951
2715,453.8951
2716,453.8951
2717,453.8951
2718,453.8951
2719,453.8951
2720,453.8951
2721,453.8951
2722,453.8951
2723,453.8951
2724,453.8951
2725,453.8951
2726,453.8951
2727,453.8951
2728,453.8951
2729,453.8951
2730,453.8951
2731,453.8951
2732,453.8951
2733,453.8951
2734,453.8951
2735,453.8951
2736,453.8951
2737,453.8951
2738,453.8951
2739,453.8951
2740,453.8951
2741,453.8951
2742,453.8951
2743,453.8951
2744,453.8951
2745,453.8951
2746,453.8951
2747,453.8951
2748,453.8951
2749,453.8951
2750,453.8951
2751,453.8951
2752,453.8951
2753,453.8951
2754,453.8951
2755,453.8951
2756,453.8951
2757,453.8951
2758,453.8951
2759,453.8951
2760,453.8951
2761,453.8951
2762,453.8951
2763,453.8951
2764,453.8951
2765,453.8951
2766,453.8951
2767,453.8951
2768,453.8951
2769,453.8951
2770,453.8951
2771,453.8951
2772,453.8951
2773,453.8951
2774,453.8951
2775,453.8951
2776,453.8951
2777,453.8951
2778,453.8951
2779,453.8951
2780,453.8951
2781,453.8951
2782,453.8951
2783,453.8951
2784,453.8951
2785,453.8951
2786,453.8951
2787,453.8951
2788,453.8951
2789,453.8951
2790,453.8951
2791,453.8951
2792,453.8951
2793,453.8951
2794,453.8951
2795,453.8951
2796,453.8951
2797,453.8951
2798,453.8951
2799,453.8951
2800,453.8951
2801,453.8951
2802,453.8951
2803,453.8951
2804,453.8951
2805,453.8951
2806,453.8951
2807,453.8951
2808,453.8951
2809,453.8951
2810,453.8951
2811,453.8951
2812,453.8951
2813,453.8951
2814,453.8951
2815,453.8951
2816,453.8951
2817,453.8951
2818,453.8951
2819,453.8951
2820,453.8951
2821,453.8951
2822,453.8951
2823,453.8951
2824,453.8951
2825,453.8951
2826,453.8951
2827,453.8951
2828,453.8951
2829,453.8951
2830,453.8951
2831,453.8951
2832,453.8951
2833,453.8951
2834,453.8951
2835,453.8951
2836,453.8951
2837,453.8951
2838,453.8951
2839,453.8951
2840,453.8951
2841,453.8951
2842,453.8951
2843,453.8951
2844,453.8951
2845,453.8951
2846,453.8951
2847,453.8951
2848,453.8951
2849,453.8951
2850,453.8951
2851,453.8951
2852,453.8951
2853,453.8951
2854,453.8951
2855,453.8951
2856,453.8951
2857,453.8951
2858,453.8951
2859,453.8951
2860,453.8951
2861,453.8951
2862,453.8951
2863,453.8951
2864,453.8951
2865,453.8951
2866,453.8951
2867,453.8951
2868,453.8951
2869,453.8951
2870,453.8951
2871,453.8951
2872,453.8951
2873,453.8951
2874,453.8951
2875,453.8951
2876,453.8951
2877,453.8951
2878,453.8951
2879,453.8951
2880,453.8951
2881,453.8951
2882,453.8951
2883,453.8951
2884,453.8951
2885,453.8951
2886,453.8951
2887,453.8951
2888,453.8951
2889,453.8951
2890,453.8951
2891,453.8951
2892,453.8951
2893,453.8951
2894,453.8951
2895,453.8951
2896,453.8951
2897,453.8951
2898,453.8951
2899,453.8951
2900,453.8951
2901,453.8951
2902,453.8951
2903,453.8951
2904,453.8951
2905,453.8951
2906,453.8951
2907,453.8951
2908,453.8951
2909,453.8951
2910,453.8951
2911,453.8951
2912,453.8951
2913,453.8951
2914,453.8951
2915,453.8951
2916,453.8951
2917,453.8951
2918,453.8951
2919,453.8951
2920,453.8951
2921,453.8951
2922,453.8951
2923,453.8951
2924,453.8951
2925,453.8951
2926,453.8951
2927,453.8951
2928,453.8951
2929,453.8951
2930,453.8951
2931,453.8951
2932,453.8951
2933,453.8951
2934,453.8951
2935,453.8951
2936,453.8951
2937,453.8951
2938,453.8951
2939,453.8951
2940,453.8951
2941,453.8951
2942,453.8951
2943,453.8951
2944,453.8951
2945,453.8951
2946,453.8951
2947,453.8951
2948,453.8951
2949,453.8951
2950,453.8951
2951,453.8951
2952,453.8951
2953,453.8951
2954,453.8951
2955,453.8951
2956,453.8951
2957,453.8951
2958,453.8951
2959,453.8951
2960,453.8951
2961,453.8951
2962,453.8951
2963,453.8951
2964,453.8951
2965,453.8951
2966,453.8951
2967,453.8951
2968,453.8951
2969,453.8951
2970,453.8951
2971,453.8951
2972,453.8951
2973,453.8951
2974,453.8951
2975,453.8951
2976,453.8951
2977,453.8951
2978,453.8951
2979,453.8951
2980,453.8951
2981,453.8951
2982,453.8951
2983,453.8951
2984,453.8951
2985,453.8951
2986,453.8951
2987,453.8951
2988,453.8951
2989,453.8951
2990,453.8951
2991,453.8951
2992,453.8951
2993,453.8951
2994,453.8951
2995,453.8951
2996,453.8951
2997,453.8951
2998,453.8951
2999,453.8951
3000,453.8951
3001,453.8951
3002,453.8951
3003,453.8951
3004,453.8951
3005,453.8951
3006,453.8951
3007,453.8951
3008,453.8951
3009,453.8951
3010,453.8951
3011,453.8951
3012,453.8951
3013,453.8951
3014,453.8951
3015,453.8951
3016,453.8951
3017,453.8951
3018,453.8951
3019,453.8951
3020,453.8951
3021,453.8951
3022,453.8951
3023,453.8951
3024,453.8951
3025,453.8951
3026,453.8951
3027,453.8951
3028,453.8951
3029,453.8951
3030,453.8951
3031,453.8951
3032,453.8951
3033,453.8951
3034,453.8951
3035,453.8951
3036,453.8951
3037,453.8951
3038,453.8951
3039,453.8951
3040,453.8951
3041,453.8951
3042,453.8951
3043,453.8951
3044,453.8951
3045,453.8951
3046,453.8951
3047,453.8951
3048,453.8951
3049,453.8951
3050,453.8951
3051,453.8951
3052,453.8951
3053,453.8951
3054,453.8951
3055,453.8951
3056,453.8951
3057,453.8951
3058,453.8951
3059,453.8951
3060,453.8951
3061,453.8951
3062,453.8951
3063,453.8951
3064,453.8951
3065,453.8951
3066,453.8951
3067,453.8951
3068,453.8951
3069,453.8951
3070,453.8951
3071,453.8951
3072,453.8951
3073,453.8951
3074,453.8951
3075,453.8951
3076,453.8951
3077,453.8951
3078,453.8951
3079,453.8951
3080,453.8951
3081,453.8951
3082,453.8951
3083,453.8951
3084,453.8951
3085,453.8951
3086,453.8951
3087,453.8951
3088,453.8951
3089,453.8951
3090,453.8951
3091,453.8951
3092,453.8951
3093,453.8951
3094,453.8951
3095,453.8951
3096,453.8951
3097,453.8951
3098,453.8951
3099,453.8951
3100,453.8951
3101,453.8951
3102,453.8951
3103,453.8951
3104,453.8951
3105,453.8951
3106,453.8951
3107,453.8951
3108,453.8951
3109,453.8951
3110,453.8951
3111,453.8951
3112,453.8951
3113,453.8951
3114,453.8951
3115,453.8951
3116,453.8951
3117,453.8951
3118,453.8951
3119,453.8951
3120,453.8951
3121,453.8951
3122,453.8951
3123,453.8951
3124,453.8951
3125,453.8951
3126,453.8951
3127,453.8951
3128,453.8951
3129,453.8951
3130,453.8951
3131,453.8951
3132,453.8951
3133,453.8951
3134,453.8951
3135,453.8951
3136,453.8951
3137,453.8951
3138,453.8951
3139,453.8951
3140,453.8951
3141,453.8951
3142,453.8951
3143,453.8951
3144,453.8951
3145,453.8951
3146,453.8951
3147,453.8951
3148,453.8951
3149,453.8951
3150,453.8951
3151,453.8951
3152,453.8951
3153,453.8951
3154,453.8951
3155,453.8951
3156,453.8951
3157,453.8951
3158,453.8951
3159,453.8951
3160,453.8951
3161,453.8951
3162,453.8951
3163,453.8951
3164,453.8951
3165,453.8951
3166,453.8951
3167,453.8951
3168,453.8951
3169,453.8951
3170,453.8951
3171,453.8951
3172,453.8951
3173,453.8951
3174,453.8951
3175,453.8951
3176,453.8951
3177,453.8951
3178,453.8951
3179,453.8951
3180,453.8951
3181,453.8951
3182,453.8951
3183,453.8951
3184,453.8951
3185,453.8951
3186,453.8951
3187,453.8951
3188,453.8951
3189,453.8951
3190,453.8951
3191,453.8951
3192,453.8951
3193,453.8951
3194,453.8951
3195,453.8951
3196,453.8951
3197,453.8951
3198,453.8951
3199,453.8951
3200,453.8951
3201,453.8951
3202,453.8951
3203,453.8951
3204,453.8951
3205,453.8951
3206,453.8951
3207,453.8951
3208,453.8951
3209,453.8951
3210,453.8951
3211,453.8951
3212,453.8951
3213,453.8951
3214,453.8951
3215,453.8951
3216,453.8951
3217,453.8951
3218,453.8951
3219,453.8951
3220,453.8951
3221,453.8951
3222,453.8951
3223,453.8951
3224,453.8951
3225,453.8951
3226,453.8951
3227,453.8951
3228,453.8951
3229,453.8951
3230,453.8951
3231,453.8951
3232,453.8951
3233,453.8951
3234,453.8951
3235,453.8951
3236,453.8951
3237,453.8951
3238,453.8951
3239,453.8951
3240,453.8951
3241,453.8951
3242,453.8951
3243,453.8951
3244,453.8951
3245,453.8951
3246,453.8951
3247,453.8951
3248,453.8951
3249,453.8951
3250,453.8951
3251,453.8951
3252,453.8951
3253,453.8951
3254,453.8951
3255,453.8951
3256,453.8951
3257,453.8951
3258,453.8951
3259,453.8951
3260,453.8951
3261,453.8951
3262,453.8951
3263,453.8951
3264,453.8951
3265,453.8951
3266,453.8951
3267,453.8951
3268,453.8951
3269,453.8951
3270,453.8951
3271,453.8951
3272,453.8951
3273,453.8951
3274,453.8951
3275,453.8951
3276,453.8951
3277,453.8951
3278,453.8951
3279,453.8951
3280,453.8951
3281,453.8951
3282,453.8951
3283,453.8951
3284,453.8951
3285,453.8951
3286,453.8951
3287,453.8951
3288,453.8951
3289,453.8951
3290,453.8951
3291,453.8951
3292,453.8951
3293,453.8951
3294,453.8951
3295,453.8951
3296,453.8951
3297,453.8951
3298,453.8951
3299,453.8951
3300,453.8951
3301,453.8951
3302,453.8951
3303,453.8951
3304,453.8951
3305,453.8951
3306,453.8951
3307,453.8951
3308,453.8951
3309,453.8951
3310,453.8951
3311,453.8951
3312,453.8951
3313,453.8951
3314,453.8951
3315,453.8951
3316,453.8951
3317,453.8951
3318,453.8951
3319,453.8951
3320,453.8951
3321,453.8951
3322,453.8951
3323,453.8951
3324,453.8951
3325,453.8951
3326,453.8951
3327,453.8951
3328,453.8951
3329,453.8951
3330,453.8951
3331,453.8951
3332,453.8951
3333,453.8951
3334,453.8951
3335,453.8951
3336,453.8951
3337,453.8951
3338,453.8951
3339,453.8951
3340,453.8951
3341,453.8951
3342,453.8951
3343,453.8951
3344,453.8951
3345,453.8951
3346,453.8951
3347,453.8951
3348,453.8951
3349,453.8951
3350,453.8951
3351,453.8951
3352,453.8951
3353,453.8951
3354,453.8951
3355,453.8951
3356,453.8951
3357,453.8951
3358,453.8951
3359,453.8951
3360,453.8951
3361,453.8951
3362,453.8951
3363,453.8951
3364,453.8951
3365,453.8951
3366,453.8951
3367,453.8951
3368,453.8951
3369,453.8951
3370,453.8951
3371,453.8951
3372,453.8951
3373,453.8951
3374,453.8951
3375,453.8951
3376,453.8951
3377,453.8951
3378,453.8951
3379,453.8951
3380,453.8951
3381,453.8951
3382,453.8951
3383,453.8951
3384,453.8951
3385,453.8951
3386,453.8951
3387,453.8951
3388,453.8951
3389,453.8951
3390,453.8951
3391,453.8951
3392,453.8951
3393,453.8951
3394,453.8951
3395,453.8951
3396,453.8951
3397,453.8951
3398,453.8951
3399,453.8951
3400,453.8951
3401,453.8951
3402,453.8951
3403,453.8951
3404,453.8951
3405,453.8951
3406,453.8951
3407,453.8951
3408,453.8951
3409,453.8951
3410,453.8951
3411,453.8951
3412,453.8951
3413,453.8951
3414,453.8951
3415,453.8951
3416,453.8951
3417,453.8951
3418,453.8951
3419,453.8951
3420,453.8951
3421,453.8951
3422,453.8951
3423,453.8951
3424,453.8951
3425,453.8951
3426,453.8951
3427,453.8951
3428,453.8951
3429,453.8951
3430,453.8951
3431,453.8951
3432,453.8951
3433,453.8951
3434,453.8951
3435,453.8951
3436,453.8951
3437,453.8951
3438,453.8951
3439,453.8951
3440,453.8951
3441,453.8951
3442,453.8951
3443,453.8951
3444,453.8951
3445,453.8951
3446,453.8951
3447,453.8951
3448,453.8951
3449,453.8951
3450,453.8951
3451,453.8951
3452,453.8951
3453,453.8951
3454,453.8951
3455,453.8951
3456,453.8951
3457,453.8951
3458,453.8951
3459,453.8951
3460,453.8951
3461,453.8951
3462,453.8951
3463,453.8951
3464,453.8951
3465,453.8951
3466,453.8951
3467,453.8951
3468,453.8951
3469,453.8951
3470,453.8951
3471,453.8951
3472,453.8951
3473,453.8951
3474,453.8951
3475,453.8951
3476,453.8951
3477,453.8951
3478,453.8951
3479,453.8951
3480,453.8951
3481,453.8951
3482,453.8951
3483,453.8951
3484,453.8951
3485,453.8951
3486,453.8951
3487,453.8951
3488,453.8951
3489,453.8951
3490,453.8951
3491,453.8951
3492,453.8951
3493,453.8951
3494,453.8951
3495,453.8951
3496,453.8951
3497,453.8951
3498,453.8951
3499,453.8951
3500,453.8951
3501,453.8951
3502,453.8951
3503,453.8951
3504,453.8951
3505,453.8951
3506,453.8951
3507,453.8951
3508,453.8951
3509,453.8951
3510,453.8951
3511,453.8951
3512,453.8951
3513,453.8951
3514,453.8951
3515,453.8951
3516,453.8951
3517,453.8951
3518,453.8951
3519,453.8951
3520,453.8951
3521,453.8951
3522,453.8951
3523,453.8951
3524,453.8951
3525,453.8951
3526,453.8951
3527,453.8951
3528,453.8951
3529,453.8951
3530,453.8951
3531,453.8951
3532,453.8951
3533,453.8951
3534,453.8951
3535,453.8951
3536,453.8951
3537,453.8951
3538,453.8951
3539,453.8951
3540,453.8951
3541,453.8951
3542,453.8951
3543,453.8951
3544,453.8951
3545,453.8951
3546,453.8951
3547,453.8951
3548,453.8951
3549,453.8951
3550,453.8951
3551,453.8951
3552,453.8951
3553,453.8951
3554,453.8951
3555,453.8951
3556,453.8951
3557,453.8951
3558,453.8951
3559,453.8951
3560,453.8951
3561,453.8951
3562,453.8951
3563,453.8951
3564,453.8951
3565,453.8951
3566,453.8951
3567,453.8951
3568,453.8951
3569,453.8951
3570,453.8951
3571,453.8951
3572,453.8951
3573,453.8951
3574,453.8951
3575,453.8951
3576,453.8951
3577,453.8951
3578,453.8951
3579,453.8951
3580,453.8951
3581,453.8951
3582,453.8951
3583,453.8951
3584,453.8951
3585,453.8951
3586,453.8951
3587,453.8951
3588,453.8951
3589,453.8951
3590,453.8951
3591,453.8951
3592,453.8951
3593,453.8951
3594,453.8951
3595,453.8951
3596,453.8951
3597,453.8951
3598,453.8951
3599,453.8951
3600,453.8951
3601,453.8951
3602,453.8951
3603,453.8951
3604,453.8951
3605,453.8951
3606,453.8951
3607,453.8951
3608,453.8951
3609,453.8951
3610,453.8951
3611,453.8951
3612,453.8951
3613,453.8951
3614,453.8951
3615,453.8951
3616,453.8951
3617,453.8951
3618,453.8951
3619,453.8951
3620,453.8951
3621,453.8951
3622,453.8951
3623,453.8951
3624,453.8951
3625,453.8951
3626,453.8951
3627,453.8951
3628,453.8951
3629,453.8951
3630,453.8951
3631,453.8951
3632,453.8951
3633,453.8951
3634,453.8951
3635,453.8951
3636,453.8951
3637,453.8951
3638,453.8951
3639,453.8951
3640,453.8951
3641,453.8951
3642,453.8951
3643,453.8951
3644,453.8951
3645,453.8951
3646,453.8951
3647,453.8951
3648,453.8951
3649,453.8951
3650,453.8951
3651,453.8951
3652,453.8951
3653,453.8951
3654,453.8951
3655,453.8951
3656,453.8951
3657,453.8951
3658,453.8951
3659,453.8951
3660,453.8951
3661,453.8951
3662,453.8951
3663,453.8951
3664,453.8951
3665,453.8951
3666,453.8951
3667,453.8951
3668,453.8951
3669,453.8951
3670,453.8951
3671,453.8951
3672,453.8951
3673,453.8951
3674,453.8951
3675,453.8951
3676,453.8951
3677,453.8951
3678,453.8951
3679,453.8951
3680,453.8951
3681,453.8951
3682,453.8951
3683,453.8951
3684,453.8951
3685,453.8951
3686,453.8951
3687,453.8951
3688,453.8951
3689,453.8951
3690,453.8951
3691,453.8951
3692,453.8951
3693,453.8951
3694,453.8951
3695,453.8951
3696,453.8951
3697,453.8951
3698,453.8951
3699,453.8951
3700,453.8951
3701,453.8951
3702,453.8951
3703,453.8951
3704,453.8951
3705,453.8951
3706,453.8951
3707,453.8951
3708,453.8951
3709,453.8951
3710,453.8951
3711,453.8951
3712,453.8951
3713,453.8951
3714,453.8951
3715,453.8951
3716,453.8951
3717,453.8951
3718,453.8951
3719,453.8951
3720,453.8951
3721,453.8951
3722,453.8951
3723,453.8951
3724,453.8951
3725,453.8951
3726,453.8951
3727,453.8951
3728,453.8951
3729,453.8951
3730,453.8951
3731,453.8951
3732,453.8951
3733,453.8951
3734,453.8951
3735,453.8951
3736,453.8951
3737,453.8951
3738,453.8951
3739,453.8951
3740,453.8951
3741,453.8951
3742,453.8951
3743,453.8951
3744,453.8951
3745,453.8951
3746,453.8951
3747,453.8951
3748,453.8951
3749,453.8951
3750,453.8951
3751,453.8951
3752,453.8951
3753,453.8951
3754,453.8951
3755,453.8951
3756,453.8951
3757,453.8951
3758,453.8951
3759,453.8951
3760,453.8951
3761,453.8951
3762,453.8951
3763,453.8951
3764,453.8951
3765,453.8951
3766,453.8951
3767,453.8951
3768,453.8951
3769,453.8951
3770,453.8951
3771,453.8951
3772,453.8951
3773,453.8951
3774,453.8951
3775,453.8951
3776,453.8951
3777,453.8951
3778,453.8951
3779,453.8951
3780,453.8951
3781,453.8951
3782,453.8951
3783,453.8951
3784,453.8951
3785,453.8951
3786,453.8951
3787,453.8951
3788,453.8951
3789,453.8951
3790,453.8951
3791,453.8951
3792,453.8951
3793,453.8951
3794,453.8951
3795,453.8951
3796,453.8951
3797,453.8951
3798,453.8951
3799,453.8951
3800,453.8951
3801,453.8951
3802,453.8951
3803,453.8951
3804,453.8951
3805,453.8951
3806,453.8951
3807,453.8951
3808,453.8951
3809,453.8951
3810,453.8951
3811,453.8951
3812,453.8951
3813,453.8951
3814,453.8951
3815,453.8951
3816,453.8951
3817,453.8951
3818,453.8951
3819,453.8951
3820,453.8951
3821,453.8951
3822,453.8951
3823,453.8951
3824,453.8951
3825,453.8951
3826,453.8951
3827,453.8951
3828,453.8951
3829,453.8951
3830,453.8951
3831,453.8951
3832,453.8951
3833,453.8951
3834,453.8951
3835,453.8951
3836,453.8951
3837,453.8951
3838,453.8951
3839,453.8951
3840,453.8951
3841,453.8951
3842,453.8951
3843,453.8951
3844,453.8951
3845,453.8951
3846,453.8951
3847,453.8951
3848,453.8951
3849,453.8951
3850,453.8951
3851,453.8951
3852,453.8951
3853,453.8951
3854,453.8951
3855,453.8951
3856,453.8951
3857,453.8951
3858,453.8951
3859,453.8951
3860,453.8951
3861,453.8951
3862,453.8951
3863,453.8951
3864,453.8951
3865,453.8951
3866,453.8951
3867,453.8951
3868,453.8951
3869,453.8951
3870,453.8951
3871,453.8951
3872,453.8951
3873,453.8951
3874,453.8951
3875,453.8951
3876,453.8951
3877,453.8951
3878,453.8951
3879,453.8951
3880,453.8951
3881,453.8951
3882,453.8951
3883,453.8951
3884,453.8951
3885,453.8951
3886,453.8951
3887,453.8951
3888,453.8951
3889,453.8951
3890,453.8951
3891,453.8951
3892,453.8951
3893,453.8951
3894,453.8951
3895,453.8951
3896,453.8951
3897,453.8951
3898,453.8951
3899,453.8951
3900,453.8951
3901,453.8951
3902,453.8951
3903,453.8951
3904,453.8951
3905,453.8951
3906,453.8951
3907,453.8951
3908,453.8951
3909,453.8951
3910,453.8951
3911,453.8951
3912,453.8951
3913,453.8951
3914,453.8951
3915,453.8951
3916,453.8951
3917,453.8951
3918,453.8951
3919,453.8951
3920,453.8951
3921,453.8951
3922,453.8951
3923,453.8951
3924,453.8951
3925,453.8951
3926,453.8951
3927,453.8951
3928,453.8951
3929,453.8951
3930,453.8951
3931,453.8951
3932,453.8951
3933,453.8951
3934,453.8951
3935,453.8951
3936,453.8951
3937,453.8951
3938,453.8951
3939,453.8951
3940,453.8951
3941,453.8951
3942,453.8951
3943,453.8951
3944,453.8951
3945,453.8951
3946,453.8951
3947,453.8951
3948,453.8951
3949,453.8951
3950,453.8951
3951,453.8951
3952,453.8951
3953,453.8951
3954,453.8951
3955,453.8951
3956,453.8951
3957,453.8951
3958,453.8951
3959,453.8951
3960,453.8951
3961,453.8951
3962,453.8951
3963,453.8951
3964,453.8951
3965,453.8951
3966,453.8951
3967,453.8951
3968,453.8951
3969,453.8951
3970,453.8951
3971,453.8951
3972,453.8951
3973,453.8951
3974,453.8951
3975,453.8951
3976,453.8951
3977,453.8951
3978,453.8951
3979,453.8951
3980,453.8951
3981,453.8951
3982,453.8951
3983,453.8951
3984,453.8951
3985,453.8951
3986,453.8951
3987,453.8951
3988,453.8951
3989,453.8951
3990,453.8951
3991,453.8951
3992,453.8951
3993,453.8951
3994,453.8951
3995,453.8951
3996,453.8951
3997,453.8951
3998,453.8951
3999,453.8951
4000,453.8951
4001,453.8951
4002,453.8951
4003,453.8951
4004,453.8951
4005,453.8951
4006,453.8951
4007,453.8951
4008,453.8951
4009,453.8951
4010,453.8951
4011,453.8951
4012,453.8951
4013,453.8951
4014,453.8951
4015,453.8951
4016,453.8951
4017,453.8951
4018,453.8951
4019,453.8951
4020,453.8951
4021,453.8951
4022,453.8951
4023,453.8951
4024,453.8951
4025,453.8951
4026,453.8951
4027,453.8951
4028,453.8951
4029,453.8951
4030,453.8951
4031,453.8951
4032,453.8951
4033,453.8951
4034,453.8951
4035,453.8951
4036,453.8951
4037,453.8951
4038,453.8951
4039,453.8951
4040,453.8951
4041,453.8951
4042,453.8951
4043,453.8951
4044,453.8951
4045,453.8951
4046,453.8951
4047,453.8951
4048,453.8951
4049,453.8951
4050,453.8951
4051,453.8951
4052,453.8951
4053,453.8951
4054,453.8951
4055,453.8951
4056,453.8951
4057,453.8951
4058,453.8951
4059,453.8951
4060,453.8951
4061,453.8951
4062,453.8951
4063,453.8951
4064,453.8951
4065,453.8951
4066,453.8951
4067,453.8951
4068,453.8951
4069,453.8951
4070,453.8951
4071,453.8951
4072,453.8951
4073,453.8951
4074,453.8951
4075,453.8951
4076,453.8951
4077,453.8951
4078,453.8951
4079,453.8951
4080,453.8951
4081,453.8951
4082,453.8951
4083,453.8951
4084,453.8951
4085,453.8951
4086,453.8951
4087,453.8951
4088,453.8951
4089,453.8951
4090,453.8951
4091,453.8951
4092,453.8951
4093,453.8951
4094,453.8951
4095,453.8951
4096,453.8951
4097,453.8951
4098,453.8951
4099,453.8951
4100,453.8951
4101,453.8951
4102,453.8951
4103,453.8951
4104,453.8951
4105,453.8951
4106,453.8951
4107,453.8951
4108,453.8951
4109,453.8951
4110,453.8951
4111,453.8951
4112,453.8951
4113,453.8951
4114,453.8951
4115,453.8951
4116,453.8951
4117,453.8951
4118,453.8951
4119,453.8951
4120,453.8951
4121,453.8951
4122,453.8951
4123,453.8951
4124,453.8951
4125,453.8951
4126,453.8951
4127,453.8951
4128,453.8951
4129,453.8951
4130,453.8951
4131,453.8951
4132,453.8951
4133,453.8951
4134,453.8951
4135,453.8951
4136,453.8951
4137,453.8951
4138,453.8951
4139,453.8951
4140,453.8951
4141,453.8951
4142,453.8951
4143,453.8951
4144,453.8951
4145,453.8951
4146,453.8951
4147,453.8951
4148,453.8951
4149,453.8951
4150,453.8951
4151,453.8951
4152,453.8951
4153,453.8951
4154,453.8951
4155,453.8951
4156,453.8951
4157,453.8951
4158,453.8951
4159,453.8951
4160,453.8951
4161,453.8951
4162,453.8951
4163,453.8951
4164,453.8951
4165,453.8951
4166,453.8951
4167,453.8951
4168,453.8951
4169,453.8951
4170,453.8951
4171,453.8951
4172,453.8951
4173,453.8951
4174,453.8951
4175,453.8951
4176,453.8951
4177,453.8951
4178,453.8951
4179,453.8951
4180,453.8951
4181,453.8951
4182,453.8951
4183,453.8951
4184,453.8951
4185,453.8951
4186,453.8951
4187,453.8951
4188,453.8951
4189,453.8951
4190,453.8951
4191,453.8951
4192,453.8951
4193,453.8951
4194,453.8951
4195,453.8951
4196,453.8951
4197,453.8951
4198,453.8951
4199,453.8951
4200,453.8951
4201,453.8951
4202,453.8951
4203,453.8951
4204,453.8951
4205,453.8951
4206,453.8951
4207,453.8951
4208,453.8951
4209,453.8951
4210,453.8951
4211,453.8951
4212,453.8951
4213,453.8951
4214,453.8951
4215,453.8951
4216,453.8951
4217,453.8951
4218,453.8951
4219,453.8951
4220,453.8951
4221,453.8951
4222,453.8951
4223,453.8951
4224,453.8951
4225,453.8951
4226,453.8951
4227,453.8951
4228,453.8951
4229,453.8951
4230,453.8951
4231,453.8951
4232,453.8951
4233,453.8951
4234,453.8951
4235,453.8951
4236,453.8951
4237,453.8951
4238,453.8951
4239,453.8951
4240,453.8951
4241,453.8951
4242,453.8951
4243,453.8951
4244,453.8951
4245,453.8951
4246,453.8951
4247,453.8951
4248,453.8951
4249,453.8951
4250,453.8951
4251,453.8951
4252,453.8951
4253,453.8951
4254,453.8951
4255,453.8951
4256,453.8951
4257,453.8951
4258,453.8951
4259,453.8951
4260,453.8951
4261,453.8951
4262,453.8951
4263,453.8951
4264,453.8951
4265,453.8951
4266,453.8951
4267,453.8951
4268,453.8951
4269,453.8951
4270,453.8951
4271,453.8951
4272,453.8951
4273,453.8951
4274,453.8951
4275,453.8951
4276,453.8951
4277,453.8951
4278,453.8951
4279,453.8951
4280,453.8951
4281,453.8951
4282,453.8951
4283,453.8951
4284,453.8951
4285,453.8951
4286,453.8951
4287,453.8951
4288,453.8951
4289,453.8951
4290,453.8951
4291,453.8951
4292,453.8951
4293,453.8951
4294,453.8951
4295,453.8951
4296,453.8951
4297,453.8951
4298,453.8951
4299,453.8951
4300,453.8951
4301,453.8951
4302,453.8951
4303,453.8951
4304,453.8951
4305,453.8951
4306,453.8951
4307,453.8951
4308,453.8951
4309,453.8951
4310,453.8951
4311,453.8951
4312,453.8951
4313,453.8951
4314,453.8951
4315,453.8951
4316,453.8951
4317,453.8951
4318,453.8951
4319,453.8951
4320,453.8951
4321,453.8951
4322,453.8951
4323,453.8951
4324,453.8951
4325,453.8951
4326,453.8951
4327,453.8951
4328,453.8951
4329,453.8951
4330,453.8951
4331,453.8951
4332,453.8951
4333,453.8951
4334,453.8951
4335,453.8951
4336,453.8951
4337,453.8951
4338,453.8951
4339,453.8951
4340,453.8951
4341,453.8951
4342,453.8951
4343,453.8951
4344,453.8951
4345,453.8951
4346,453.8951
4347,453.8951
4348,453.8951
4349,453.8951
4350,453.8951
4351,453.8951
4352,453.8951
4353,453.8951
4354,453.8951
4355,453.8951
4356,453.8951
4357,453.8951
4358,453.8951
4359,453.8951
4360,453.8951
4361,453.8951
4362,453.8951
4363,453.8951
4364,453.8951
4365,453.8951
4366,453.8951
4367,453.8951
4368,453.8951
4369,453.8951
4370,453.8951
4371,453.8951
4372,453.8951
4373,453.8951
4374,453.8951
4375,453.8951
4376,453.8951
4377,453.8951
4378,453.8951
4379,453.8951
4380,453.8951
4381,453.8951
4382,453.8951
4383,453.8951
4384,453.8951
4385,453.8951
4386,453.8951
4387,453.8951
4388,453.8951
4389,453.8951
4390,453.8951
4391,453.8951
4392,453.8951
4393,453.8951
4394,453.8951
4395,453.8951
4396,453.8951
4397,453.8951
4398,453.8951
4399,453.8951
4400,453.8951
4401,453.8951
4402,453.8951
4403,453.8951
4404,453.8951
4405,453.8951
4406,453.8951
4407,453.8951
4408,453.8951
4409,453.8951
4410,453.8951
4411,453.8951
4412,453.8951
4413,453.8951
4414,453.8951
4415,453.8951
4416,453.8951
4417,453.8951
4418,453.8951
4419,453.8951
4420,453.8951
4421,453.8951
4422,453.8951
4423,453.8951
4424,453.8951
4425,453.8951
4426,453.8951
4427,453.8951
4428,453.8951
4429,453.8951
4430,453.8951
4431,453.8951
4432,453.8951
4433,453.8951
4434,453.8951
4435,453.8951
4436,453.8951
4437,453.8951
4438,453.8951
4439,453.8951
4440,453.8951
4441,453.8951
4442,453.8951
4443,453.8951
4444,453.8951
4445,453.8951
4446,453.8951
4447,453.8951
4448,453.8951
4449,453.8951
4450,453.8951
4451,453.8951
4452,453.8951
4453,453.8951
4454,453.8951
4455,453.8951
4456,453.8951
4457,453.8951
4458,453.8951
4459,453.8951
4460,453.8951
4461,453.8951
4462,453.8951
4463,453.8951
4464,453.8951
4465,453.8951
4466,453.8951
4467,453.8951
4468,453.8951
4469,453.8951
4470,453.8951
4471,453.8951
4472,453.8951
4473,453.8951
4474,453.8951
4475,453.8951
4476,453.8951
4477,453.8951
4478,453.8951
4479,453.8951
4480,453.8951
4481,453.8951
4482,453.8951
4483,453.8951
4484,453.8951
4485,453.8951
4486,453.8951
4487,453.8951
4488,453.8951
4489,453.8951
4490,453.8951
4491,453.8951
4492,453.8951
4493,453.8951
4494,453.8951
4495,453.8951
4496,453.8951
4497,453.8951
4498,453.8951
4499,453.8951
4500,453.8951
4501,453.8951
4502,453.8951
4503,453.8951
4504,453.8951
4505,453.8951
4506,453.8951
4507,453.8951
4508,453.8951
4509,453.8951
4510,453.8951
4511,453.8951
4512,453.8951
4513,453.8951
4514,453.8951
4515,453.8951
4516,453.8951
4517,453.8951
4518,453.8951
4519,453.8951
4520,453.8951
4521,453.8951
4522,453.8951
4523,453.8951
4524,453.8951
4525,453.8951
4526,453.8951
4527,453.8951
4528,453.8951
4529,453.8951
4530,453.8951
4531,453.8951
4532,453.8951
4533,453.8951
4534,453.8951
4535,453.8951
4536,453.8951
4537,453.8951
4538,453.8951
4539,453.8951
4540,453.8951
4541,453.8951
4542,453.8951
4543,453.8951
4544,453.8951
4545,453.8951
4546,453.8951
4547,453.8951
4548,453.8951
4549,453.8951
4550,453.8951
4551,453.8951
4552,453.8951
4553,453.8951
4554,453.8951
4555,453.8951
4556,453.8951
4557,453.8951
4558,453.8951
4559,453.8951
4560,453.8951
4561,453.8951
4562,453.8951
4563,453.8951
4564,453.8951
4565,453.8951
4566,453.8951
4567,453.8951
4568,453.8951
4569,453.8951
4570,453.8951
4571,453.8951
4572,453.8951
4573,453.8951
4574,453.8951
4575,453.8951
4576,453.8951
4577,453.8951
4578,453.8951
4579,453.8951
4580,453.8951
4581,453.8951
4582,453.8951
4583,453.8951
4584,453.8951
4585,453.8951
4586,453.8951
4587,453.8951
4588,453.8951
4589,453.8951
4590,453.8951
4591,453.8951
4592,453.8951
4593,453.8951
4594,453.8951
4595,453.8951
4596,453.8951
4597,453.8951
4598,453.8951
4599,453.8951
4600,453.8951
4601,453.8951
4602,453.8951
4603,453.8951
4604,453.8951
4605,453.8951
4606,453.8951
4607,453.8951
4608,453.8951
4609,453.8951
4610,453.8951
4611,453.8951
4612,453.8951
4613,453.8951
4614,453.8951
4615,453.8951
4616,453.8951
4617,453.8951
4618,453.8951
4619,453.8951
4620,453.8951
4621,453.8951
4622,453.8951
4623,453.8951
4624,453.8951
4625,453.8951
4626,453.8951
4627,453.8951
4628,453.8951
4629,453.8951
4630,453.8951
4631,453.8951
4632,453.8951
4633,453.8951
4634,453.8951
4635,453.8951
4636,453.8951
4637,453.8951
4638,453.8951
4639,453.8951
4640,453.8951
4641,453.8951
4642,453.8951
4643,453.8951
4644,453.8951
4645,453.8951
4646,453.8951
4647,453.8951
4648,453.8951
4649,453.8951
4650,453.8951
4651,453.8951
4652,453.8951
4653,453.8951
4654,453.8951
4655,453.8951
4656,453.8951
4657,453.8951
4658,453.8951
4659,453.8951
4660,453.8951
4661,453.8951
4662,453.8951
4663,453.8951
4664,453.8951
4665,453.8951
4666,453.8951
4667,453.8951
4668,453.8951
4669,453.8951
4670,453.8951
4671,453.8951
4672,453.8951
4673,453.8951
4674,453.8951
4675,453.8951
4676,453.8951
4677,453.8951
4678,453.8951
4679,453.8951
4680,453.8951
4681,453.8951
4682,453.8951
4683,453.8951
4684,453.8951
4685,453.8951
4686,453.8951
4687,453.8951
4688,453.8951
4689,453.8951
4690,453.8951
4691,453.8951
4692,453.8951
4693,453.8951
4694,453.8951
4695,453.8951
4696,453.8951
4697,453.8951
4698,453.8951
4699,453.8951
4700,453.8951
4701,453.8951
4702,453.8951
4703,453.8951
4704,453.8951
4705,453.8951
4706,453.8951
4707,453.8951
4708,453.8951
4709,453.8951
4710,453.8951
4711,453.8951
4712,453.8951
4713,453.8951
4714,453.8951
4715,453.8951
4716,453.8951
4717,453.8951
4718,453.8951
4719,453.8951
4720,453.8951
4721,453.8951
4722,453.8951
4723,453.8951
4724,453.8951
4725,453.8951
4726,453.8951
4727,453.8951
4728,453.8951
4729,453.8951
4730,453.8951
4731,453.8951
4732,453.8951
4733,453.8951
4734,453.8951
4735,453.8951
4736,453.8951
4737,453.8951
4738,453.8951
4739,453.8951
4740,453.8951
4741,453.8951
4742,453.8951
4743,453.8951
4744,453.8951
4745,453.8951
4746,453.8951
4747,453.8951
4748,453.8951
4749,453.8951
4750,453.8951
4751,453.8951
4752,453.8951
4753,453.8951
4754,453.8951
4755,453.8951
4756,453.8951
4757,453.8951
4758,453.8951
4759,453.8951
4760,453.8951
4761,453.8951
4762,453.8951
4763,453.8951
4764,453.8951
4765,453.8951
4766,453.8951
4767,453.8951
4768,453.8951
4769,453.8951
4770,453.8951
4771,453.8951
4772,453.8951
4773,453.8951
4774,453.8951
4775,453.8951
4776,453.8951
4777,453.8951
4778,453.8951
4779,453.8951
4780,453.8951
4781,453.8951
4782,453.8951
4783,453.8951
4784,453.8951
4785,453.8951
4786,453.8951
4787,453.8951
4788,453.8951
4789,453.8951
4790,453.8951
4791,453.8951
4792,453.8951
4793,453.8951
4794,453.8951
4795,453.8951
4796,453.8951
4797,453.8951
4798,453.8951
4799,453.8951
4800,453.8951
4801,453.8951
4802,453.8951
4803,453.8951
4804,453.8951
4805,453.8951
4806,453.8951
4807,453.8951
4808,453.8951
4809,453.8951
4810,453.8951
4811,453.8951
4812,453.8951
4813,453.8951
4814,453.8951
4815,453.8951
4816,453.8951
4817,453.8951
4818,453.8951
4819,453.8951
4820,453.8951
4821,453.8951
4822,453.8951
4823,453.8951
4824,453.8951
4825,453.8951
4826,453.8951
4827,453.8951
4828,453.8951
4829,453.8951
4830,453.8951
4831,453.8951
4832,453.8951
4833,453.8951
4834,453.8951
4835,453.8951
4836,453.8951
4837,453.8951
4838,453.8951
4839,453.8951
4840,453.8951
4841,453.8951
4842,453.8951
4843,453.8951
4844,453.8951
4845,453.8951
4846,453.8951
4847,453.8951
4848,453.8951
4849,453.8951
4850,453.8951
4851,453.8951
4852,453.8951
4853,453.8951
4854,453.8951
4855,453.8951
4856,453.8951
4857,453.8951
4858,453.8951
4859,453.8951
4860,453.8951
4861,453.8951
4862,453.8951
4863,453.8951
4864,453.8951
4865,453.8951
4866,453.8951
4867,453.8951
4868,453.8951
4869,453.8951
4870,453.8951
4871,453.8951
4872,453.8951
4873,453.8951
4874,453.8951
4875,453.8951
4876,453.8951
4877,453.8951
4878,453.8951
4879,453.8951
4880,453.8951
4881,453.8951
4882,453.8951
4883,453.8951
4884,453.8951
4885,453.8951
4886,453.8951
4887,453.8951
4888,453.8951
4889,453.8951
4890,453.8951
4891,453.8951
4892,453.8951
4893,453.8951
4894,453.8951
4895,453.8951
4896,453.8951
4897,453.8951
4898,453.8951
4899,453.8951
4900,453.8951
4901,453.8951
4902,453.8951
4903,453.8951
4904,453.8951
4905,453.8951
4906,453.8951
4907,453.8951
4908,453.8951
4909,453.8951
4910,453.8951
4911,453.8951
4912,453.8951
4913,453.8951
4914,453.8951
4915,453.8951
4916,453.8951
4917,453.8951
4918,453.8951
4919,453.8951
4920,453.8951
4921,453.8951
4922,453.8951
4923,453.8951
4924,453.8951
4925,453.8951
4926,453.8951
4927,453.8951
4928,453.8951
4929,453.8951
4930,453.8951
4931,453.8951
4932,453.8951
4933,453.8951
4934,453.8951
4935,453.8951
4936,453.8951
4937,453.8951
4938,453.8951
4939,453.8951
4940,453.8951
4941,453.8951
4942,453.8951
4943,453.8951
4944,453.8951
4945,453.8951
4946,453.8951
4947,453.8951
4948,453.8951
4949,453.8951
4950,453.8951
4951,453.8951
4952,453.8951
4953,453.8951
4954,453.8951
4955,453.8951
4956,453.8951
4957,453.8951
4958,453.8951
4959,453.8951
4960,453.8951
4961,453.8951
4962,453.8951
4963,453.8951
4964,453.8951
4965,453.8951
4966,453.8951
4967,453.8951
4968,453.8951
4969,453.8951
4970,453.8951
4971,453.8951
4972,453.8951
4973,453.8951
4974,453.8951
4975,453.8951
4976,453.8951
4977,453.8951
4978,453.8951
4979,453.8951
4980,453.8951
4981,453.8951
4982,453.8951
4983,453.8951
4984,453.8951
4985,453.8951
4986,453.8951
4987,453.8951
4988,453.8951
4989,453.8951
4990,453.8951
4991,453.8951
4992,453.8951
4993,453.8951
4994,453.8951
4995,453.8951
4996,453.8951
4997,453.8951
4998,453.8951
4999,453.8951
5000,453.8951
